[
    {
      "text": "Power supply suspended in Paduvampally, Kanjapally, Kakapalayam, Chokampalayam from 9 AM to 4 PM on 31-01-2026 due to substation maintenance.",
      "domain": "power",
      "source": "news",
      "date": "2026-01-30",
      "url": "https://coimbatorelive.com/coimbatore-power-shutdown-january-31-2026"
    },
    {
      "text": "கோவை Paduvampally la iniku power cut 9 AM to 4 PM da... maintenance nu solraanga, work mudinjale endha time varum?",
      "domain": "power",
      "source": "twitter",
      "date": "2026-01-31",
      "url": null
    },
    {
      "text": "Power shutdown in Pattanam, Pattanam 110/11 KV Substation areas on 29-01-2026 from 9 AM to 4 PM for scheduled maintenance.",
      "domain": "power",
      "source": "news",
      "date": "2026-01-28",
      "url": "https://coimbatorelive.com/coimbatore-power-shutdown-january-29-2026"
    },
    {
      "text": "Enna da Coimbatore la weekly power cut schedule irukku... iniku Paduvampally full off, work pannunga fast ah.",
      "domain": "power",
      "source": "twitter",
      "date": "2026-01-31",
      "url": null
    },
    {
      "text": "Power supply will be suspended in Metro – Coimbatore (110 KV) areas on 31-01-2026 from 9 AM to 4 PM due to maintenance works.",
      "domain": "power",
      "source": "news",
      "date": "2026-01-30",
      "url": "https://coimbatorelive.com/coimbatore-power-shutdown-january-31-2026"
    },
    {
      "text": "Koilpalayam substation areas like Sarkarsamakulam, Kovilpalayam, Kurumbapalayam affected on 08-01-2026 9 AM-4 PM shutdown.",
      "domain": "power",
      "source": "news",
      "date": "2026-01-07",
      "url": "https://coimbatorelive.com/coimbatore-power-shutdown-january-08-2026"
    },
    {
      "text": "கோவை la power cut frequent ah irukku da... TANGEDCO schedule check pannunga, iniku 9 to 4 full off in some areas.",
      "domain": "power",
      "source": "forums",
      "date": "2026-01-25",
      "url": null
    },
    {
      "text": "Scheduled power shutdown in Somanur areas: Krishnapuram, Semmandampalayam on 23-01-2026 from 9 AM to 4 PM.",
      "domain": "power",
      "source": "news",
      "date": "2026-01-22",
      "url": "https://coimbatorelive.com/coimbatore-power-shutdown-january-23-2026"
    },
    {
      "text": "Power cut in Ellappalayam, Telungupalayam, Pillaiyappanpalayam on January 7, 2026 as per TANGEDCO list.",
      "domain": "power",
      "source": "news",
      "date": "2026-01-07",
      "url": "https://www.news18.com/photogallery/india/tamil-nadu-power-cuts-on-january-7-2026-full-list-of-affected-areas-and-timings-ws-ekl-9814409.html"
    },
    {
      "text": "Iniku power off ah da? TANGEDCO app la check pannu, maintenance nu irukku but eppo varum theriyala.",
      "domain": "power",
      "source": "twitter",
      "date": "2026-01-15",
      "url": null
    },
    {
      "text": "Power shutdown in Kuniamuthur, part of Sundrapuram, Kovaipudur on 24-12-2025 from 9 AM to 4 PM.",
      "domain": "power",
      "source": "news",
      "date": "2025-12-23",
      "url": "https://coimbatorelive.com/coimbatore-power-shutdown-december-24-2025"
    },
    {
      "text": "கோவை Anna Nagar la power cut irukka? Evening la fan kooda illa, summer la torture da.",
      "domain": "power",
      "source": "twitter",
      "date": "2025-12-20",
      "url": null
    },
    {
      "text": "TANGEDCO planned outage in Sellappam Palayam: Mooperipalayam, Thattampudur on recent Saturday schedule.",
      "domain": "power",
      "source": "news",
      "date": "2026-01-30",
      "url": "https://coimbatorelive.com/category/power-shutdown"
    },
    {
      "text": "Power supply interruption in M.G. Road, Thudiyalur areas on Nov 10-11, 2025 for maintenance.",
      "domain": "power",
      "source": "news",
      "date": "2025-11-09",
      "url": "https://news.abplive.com/cities/coimbatore-power-cut-on-nov-10-11-2025-over-75-areas-madhampatty-bhavani-to-be-hit-by-7-hour-outage-1810583"
    },
    {
      "text": "RS Puram la power frequent ah poiduthu da... TANGEDCO ku complaint pannanum.",
      "domain": "power",
      "source": "forums",
      "date": "2025-12-15",
      "url": null
    },
    {
      "text": "Scheduled shutdown in Kurunellipalayam, Kalapatti, KS Puram on November 24-25, 2025 from 9 AM to 4 PM.",
      "domain": "power",
      "source": "news",
      "date": "2025-11-23",
      "url": "https://news.abplive.com/cities/coimbatore-power-shutdown-on-november-24-25-2025-kurunellipalayam-kalapatti-ks-puram-check-affected-areas-1813035"
    },
    {
      "text": "Power cut today in Coimbatore Metro areas... work mudinjale before 4 PM varum nu hope.",
      "domain": "power",
      "source": "twitter",
      "date": "2026-01-31",
      "url": null
    },
    {
      "text": "TANGEDCO announces 7-hour outage in over 75 areas including Madhampatty on Nov 10, 2025.",
      "domain": "power",
      "source": "news",
      "date": "2025-11-10",
      "url": "https://news.abplive.com/cities/coimbatore-power-cut-on-nov-10-11-2025-over-75-areas-madhampatty-bhavani-to-be-hit-by-7-hour-outage-1810583"
    },
    {
      "text": "இன்னிக்கு power shutdown 9 to 4 da... laptop charge pannitu iru, work miss aagidum.",
      "domain": "power",
      "source": "twitter",
      "date": "2026-01-23",
      "url": null
    },
    {
      "text": "Power supply to be restored before 4 PM if maintenance completes early in affected substations.",
      "domain": "power",
      "source": "news",
      "date": "2026-01-30",
      "url": "https://coimbatorelive.com/coimbatore-power-shutdown-january-31-2026"
    },
    {
      "text": "Bethapuram, Thannerpanthal, Kottaipirivu power cut on Nov 12, 2025 for upgrades.",
      "domain": "power",
      "source": "news",
      "date": "2025-11-11",
      "url": "https://www.nativeplanet.com/news/coimbatore-residents-alerted-tangedco-announces-power-cut-on-november-12-for-upgrades-017865.html"
    },
    {
      "text": "Coimbatore la summer vara power cut schedule tight ah irukku... inverter venum da.",
      "domain": "power",
      "source": "forums",
      "date": "2026-01-10",
      "url": null
    },
    {
      "text": "TANGEDCO power shutdown in multiple areas today, check official site or app for your locality.",
      "domain": "power",
      "source": "news",
      "date": "2026-02-01",
      "url": "http://www.tnebltd.gov.in/outages/viewshutdown.xhtml"
    },
    {
      "text": "Iniku evening la power poiduthu... fan illama suffer da, TANGEDCO eppo fix pannuvaanga?",
      "domain": "power",
      "source": "twitter",
      "date": "2025-12-05",
      "url": null
    },
    {
      "text": "Planned outage in Ganapathy Industrial Estate areas for substation work on recent schedule.",
      "domain": "power",
      "source": "news",
      "date": "2025-12-18",
      "url": "https://coimbatorelive.com/category/power-shutdown"
    },
    {
      "text": "Power cut complaint: Frequent interruptions in Peelamedu, even though scheduled only 9-4.",
      "domain": "power",
      "source": "twitter",
      "date": "2026-01-20",
      "url": null
    },
    {
      "text": "TANGEDCO maintenance shutdown in Thudiyalur, M.G. Road extended areas on Nov dates.",
      "domain": "power",
      "source": "news",
      "date": "2025-11-10",
      "url": "https://news.abplive.com/cities/coimbatore-power-cut-on-nov-10-11-2025-over-75-areas-madhampatty-bhavani-to-be-hit-by-7-hour-outage-1810583"
    },
    {
      "text": "கோவை la power stable illa da... weekly 7 hours cut, inverter buy pannanum.",
      "domain": "power",
      "source": "twitter",
      "date": "2025-11-25",
      "url": null
    },
    {
      "text": "Check TNPDCL site for latest power shutdown as on 02-02-2026, multiple circles affected.",
      "domain": "power",
      "source": "news",
      "date": "2026-02-02",
      "url": "http://www.tnebltd.gov.in/outages/viewshutdown.xhtml"
    },
    {
      "text": "Power supply back on time today? Maintenance work finished early in some substations.",
      "domain": "power",
      "source": "forums",
      "date": "2026-01-31",
      "url": null
    },
    
        {
          "text": "Power supply suspended in Kallapatti, Cheranma Nagar, Nehru Nagar, Chitra, Valliampalayam from 9 AM to 4 PM on 02-02-2026 for maintenance.",
          "domain": "power",
          "source": "news",
          "date": "2026-02-02",
          "url": "https://news24online.com/india/tamil-nadu-power-cut-on-february-2-tangedco-announces-scheduled-outage-in-these-districts-check-full-list/732191"
        },
        {
          "text": "கோவை Kallapatti la iniku power cut 9 to 4 da... TANGEDCO maintenance, work mudiyala endha time varum nu theriyala.",
          "domain": "power",
          "source": "twitter",
          "date": "2026-02-02",
          "url": null
        },
        {
          "text": "Power outage in Peelamedu Industrial Estate, Sharp Nagar, Maheshwari Nagar, Lakshmi Nagar on Feb 2, 2026 due to scheduled work.",
          "domain": "power",
          "source": "news",
          "date": "2026-02-02",
          "url": "https://news24online.com/india/tamil-nadu-power-cut-on-february-2-tangedco-announces-scheduled-outage-in-these-districts-check-full-list/732191"
        },
        {
          "text": "Enna da weekly power cut schedule irukku Coimbatore la... iniku Peelamedu full off, laptop charge panni vechuko.",
          "domain": "power",
          "source": "twitter",
          "date": "2026-02-01",
          "url": null
        },
        {
          "text": "Power shutdown in Villankurichi, Thanneerpanthal, K.R. Palayam areas on February 2, 2026 from 9 AM to 4 PM.",
          "domain": "power",
          "source": "news",
          "date": "2026-02-02",
          "url": "https://news24online.com/india/tamil-nadu-power-cut-on-february-2-tangedco-announces-scheduled-outage-in-these-districts-check-full-list/732191"
        },
        {
          "text": "Devanampalayam, Kulathupalayam, Cheripalayam, Andipalayam power cut on Jan 20, 2026 for TANGEDCO maintenance.",
          "domain": "power",
          "source": "news",
          "date": "2026-01-20",
          "url": "https://www.news18.com/photogallery/cities/chennai-news/tamil-nadu-power-cut-alert-district-wise-list-of-affected-areas-today-january-20-2026-tuesday-ws-e-9843076.html"
        },
        {
          "text": "கோவை RS Puram la power frequent cut da... evening la fan illama suffer, TANGEDCO schedule check pannunga.",
          "domain": "power",
          "source": "forums",
          "date": "2026-01-25",
          "url": null
        },
        {
          "text": "Ellappalayam, Telungupalayam, Pillaiyappanpalayam affected by power shutdown on Jan 7, 2026.",
          "domain": "power",
          "source": "news",
          "date": "2026-01-07",
          "url": "https://www.news18.com/photogallery/india/tamil-nadu-power-cuts-on-january-7-2026-full-list-of-affected-areas-and-timings-ws-ekl-9814409.html"
        },
        {
          "text": "Iniku power off ah? TANGEDCO app la paaru, Kallapatti area la cut irukku nu solraanga.",
          "domain": "power",
          "source": "twitter",
          "date": "2026-02-02",
          "url": null
        },
        {
          "text": "Power supply suspended in Murugan Nagar, Javali Nagar, Kumutham Nagar on Feb 2 for line maintenance.",
          "domain": "power",
          "source": "news",
          "date": "2026-02-02",
          "url": "https://news24online.com/india/tamil-nadu-power-cut-on-february-2-tangedco-announces-scheduled-outage-in-these-districts-check-full-list/732191"
        },
        {
          "text": "Power cut in Coimbatore North areas like Mettupalayam, Annur on Jan 31, 2026 tentative schedule.",
          "domain": "power",
          "source": "news",
          "date": "2026-01-31",
          "url": "https://coimbatorelive.com/coimbatore-power-shutdown-january-31-2026"
        },
        {
          "text": "கோவை la power cut romba irritating da... 9 to 4 varaikum work panna mudiyala, inverter venum.",
          "domain": "power",
          "source": "twitter",
          "date": "2026-01-30",
          "url": null
        },
        {
          "text": "Scheduled outage in Jeeva Nagar, Sengaliyappan Nagar on Feb 2, 2026 due to TANGEDCO works.",
          "domain": "power",
          "source": "news",
          "date": "2026-02-02",
          "url": "https://news24online.com/india/tamil-nadu-power-cut-on-february-2-tangedco-announces-scheduled-outage-in-these-districts-check-full-list/732191"
        },
        {
          "text": "Power interruption in Periyanaickenpalayam, Veerapandi areas on Jan 6, 2026 maintenance.",
          "domain": "power",
          "source": "news",
          "date": "2026-01-06",
          "url": "https://www.nativeplanet.com/news/planned-power-outages-on-january-6-2026-hit-chennai-coimbatore-and-other-districts-in-tamil-nadu-018618.html"
        },
        {
          "text": "TANGEDCO power cut today in multiple areas, check official site for updates.",
          "domain": "power",
          "source": "forums",
          "date": "2026-02-02",
          "url": null
        },
        {
          "text": "Power shutdown in Pattanam 110/11 KV substation areas on Jan 29, 2026 from 9 AM to 4 PM.",
          "domain": "power",
          "source": "news",
          "date": "2026-01-29",
          "url": "https://coimbatorelive.com/coimbatore-power-shutdown-january-29-2026"
        },
        {
          "text": "Iniku evening power poiduthu da... maintenance nu solraanga but eppo varum theriyala.",
          "domain": "power",
          "source": "twitter",
          "date": "2026-01-20",
          "url": null
        },
        {
          "text": "Power supply to be resumed before 4 PM if works complete early in affected Coimbatore areas.",
          "domain": "power",
          "source": "news",
          "date": "2026-02-02",
          "url": "https://www.tnebltd.gov.in/outages/viewshutdown.xhtml"
        },
        {
          "text": "கோவை Peelamedu la power cut irukka? Office la work stuck aagiduchu da.",
          "domain": "power",
          "source": "twitter",
          "date": "2026-02-02",
          "url": null
        },
        {
          "text": "TANGEDCO monthly maintenance causing cuts in Coimbatore North and South circles on Feb 2.",
          "domain": "power",
          "source": "news",
          "date": "2026-02-02",
          "url": "https://news24online.com/india/tamil-nadu-power-cut-on-february-2-tangedco-announces-scheduled-outage-in-these-districts-check-full-list/732191"
        },
        {
          "text": "Frequent power issues in Villankurichi despite scheduled only daytime—check complaints.",
          "domain": "power",
          "source": "forums",
          "date": "2026-01-31",
          "url": null
        },
        {
          "text": "Power cut in Cheranma Nagar, Nehru Nagar on Feb 2 schedule—plan accordingly.",
          "domain": "power",
          "source": "news",
          "date": "2026-02-02",
          "url": "https://news24online.com/india/tamil-nadu-power-cut-on-february-2-tangedco-announces-scheduled-outage-in-these-districts-check-full-list/732191"
        },
        {
          "text": "TANGEDCO shutdown intimation for Mettupalayam areas on Jan 31—9am-4pm.",
          "domain": "power",
          "source": "news",
          "date": "2026-01-31",
          "url": null
        },
        {
          "text": "Power stable illa da Coimbatore la... weekly cuts, summer varaikum idhu thaan.",
          "domain": "power",
          "source": "twitter",
          "date": "2026-01-28",
          "url": null
        },
        {
          "text": "Check TNPDCL outage portal for latest as on Feb 2—multiple Coimbatore areas listed.",
          "domain": "power",
          "source": "news",
          "date": "2026-02-02",
          "url": "https://www.tnebltd.gov.in/outages/viewshutdown.xhtml"
        },
        {
          "text": "Power cut complaint in Thanneerpanthal—why extra time beyond schedule?",
          "domain": "power",
          "source": "twitter",
          "date": "2026-02-02",
          "url": null
        },
        {
          "text": "Scheduled power suspension in Sharp Nagar, Maheshwari Nagar Feb 2 maintenance.",
          "domain": "power",
          "source": "news",
          "date": "2026-02-02",
          "url": "https://news24online.com/india/tamil-nadu-power-cut-on-february-2-tangedco-announces-scheduled-outage-in-these-districts-check-full-list/732191"
        },
        {
          "text": "கோவை la power cut nal work from home tough aagiduchu da... backup venum.",
          "domain": "power",
          "source": "twitter",
          "date": "2026-01-20",
          "url": null
        },
        {
          "text": "Power supply back early in some substations today if maintenance finishes fast.",
          "domain": "power",
          "source": "forums",
          "date": "2026-02-02",
          "url": null
        },
        {
          "text": "TANGEDCO announces cuts in Coimbatore for Feb 2—routine monthly work, no panic.",
          "domain": "power",
          "source": "news",
          "date": "2026-02-02",
          "url": "https://news24online.com/india/tamil-nadu-power-cut-on-february-2-tangedco-announces-scheduled-outage-in-these-districts-check-full-list/732191"
        }
    ]